title,brand,price,original_price,discount,currency,availability,rating,url,retailer,scraped_at
AUGEN Mobile Accessories,AUGEN,0.0,0.0,(65% OFF),INR,In Stock,,https://www.myntra.commobile-accessories/augen/augen-mobile-accessories/40989885/buy,myntra.com,2026-04-22T17:01:33.230273+00:00
AUGEN Fashion Mobile Accessories,AUGEN,0.0,0.0,(75% OFF),INR,In Stock,,https://www.myntra.commobile-accessories/augen/augen-fashion-mobile-accessories/40066967/buy,myntra.com,2026-04-22T17:01:33.357998+00:00
Palay Back Case Mobile Accessories,Palay,0.0,0.0,(29% OFF),INR,In Stock,,https://www.myntra.commobile-accessories/palay/palay-solid-back-case-mobile-accessories/39888777/buy,myntra.com,2026-04-22T17:01:33.456005+00:00
Palay Pouch Mobile Accessories,Palay,0.0,0.0,(15% OFF),INR,In Stock,,https://www.myntra.commobile-accessories/palay/palay-solid-pouch-mobile-accessories/39783055/buy,myntra.com,2026-04-22T17:01:33.562810+00:00
Palay Pouch Mobile Accessories,Palay,0.0,0.0,(19% OFF),INR,In Stock,,https://www.myntra.commobile-accessories/palay/palay-solid-pouch-mobile-accessories/39783054/buy,myntra.com,2026-04-22T17:01:33.701409+00:00
Palay Back Case Mobile Accessories,Palay,0.0,0.0,(20% OFF),INR,In Stock,,https://www.myntra.commobile-accessories/palay/palay-solid-back-case-mobile-accessories/39783037/buy,myntra.com,2026-04-22T17:01:33.809680+00:00
Palay Bumper Case Mobile Accessories,Palay,0.0,0.0,(47% OFF),INR,In Stock,,https://www.myntra.commobile-accessories/palay/palay-solid-bumper-case-mobile-accessories/39722834/buy,myntra.com,2026-04-22T17:01:33.924746+00:00
Palay Back Case Mobile Accessories,Palay,0.0,0.0,(12% OFF),INR,In Stock,,https://www.myntra.commobile-accessories/palay/palay-solid-back-case-mobile-accessories/39722828/buy,myntra.com,2026-04-22T17:01:34.015487+00:00
Palay Pouch Mobile Accessories,Palay,0.0,0.0,(21% OFF),INR,In Stock,,https://www.myntra.commobile-accessories/palay/palay-solid-pouch-mobile-accessories/39722822/buy,myntra.com,2026-04-22T17:01:34.189059+00:00
Palay Pouch Mobile Accessories,Palay,0.0,0.0,(21% OFF),INR,In Stock,,https://www.myntra.commobile-accessories/palay/palay-solid-pouch-mobile-accessories/39722820/buy,myntra.com,2026-04-22T17:01:34.270032+00:00
Palay Back Case Mobile Accessories,Palay,0.0,0.0,(46% OFF),INR,In Stock,,https://www.myntra.commobile-accessories/palay/palay-solid-back-case-mobile-accessories/39722819/buy,myntra.com,2026-04-22T17:01:34.326777+00:00
Palay Bumper Case Mobile Accessories,Palay,0.0,0.0,(21% OFF),INR,In Stock,,https://www.myntra.commobile-accessories/palay/palay-solid-bumper-case-mobile-accessories/39704703/buy,myntra.com,2026-04-22T17:01:34.386994+00:00
Palay Pouch Mobile Accessories,Palay,0.0,0.0,(21% OFF),INR,In Stock,,https://www.myntra.commobile-accessories/palay/palay-solid-pouch-mobile-accessories/39704700/buy,myntra.com,2026-04-22T17:01:34.440855+00:00
Palay Back Case Mobile Accessories,Palay,0.0,0.0,(10% OFF),INR,In Stock,,https://www.myntra.commobile-accessories/palay/palay-solid-back-case-mobile-accessories/39704699/buy,myntra.com,2026-04-22T17:01:34.489233+00:00
Palay Pouch Mobile Accessories,Palay,0.0,0.0,(30% OFF),INR,In Stock,,https://www.myntra.commobile-accessories/palay/palay-solid-pouch-mobile-accessories/39704678/buy,myntra.com,2026-04-22T17:01:34.543495+00:00
Palay Pouch Mobile Accessories,Palay,0.0,0.0,(23% OFF),INR,In Stock,,https://www.myntra.commobile-accessories/palay/palay-solid-pouch-mobile-accessories/39704677/buy,myntra.com,2026-04-22T17:01:34.592000+00:00
Palay Back Case Mobile Accessories,Palay,0.0,0.0,(12% OFF),INR,In Stock,,https://www.myntra.commobile-accessories/palay/palay-solid-back-case-mobile-accessories/39704672/buy,myntra.com,2026-04-22T17:01:34.637844+00:00
Dancing Panda Knitted Crossbody Phone Pouch,Dancing Panda,0.0,0.0,(73% OFF),INR,In Stock,,https://www.myntra.commobile-accessories/dancing+panda/dancing-panda-solid-printed-pouch-mobile-accessories/39686275/buy,myntra.com,2026-04-22T17:01:34.694756+00:00
Dancing Panda Knitted Crossbody Phone Pouch,Dancing Panda,0.0,0.0,(73% OFF),INR,In Stock,,https://www.myntra.commobile-accessories/dancing+panda/dancing-panda-solid-printed-pouch-mobile-accessories/39686272/buy,myntra.com,2026-04-22T17:01:34.819005+00:00
Dancing Panda Knitted Crossbody Phone Pouch,Dancing Panda,0.0,0.0,(73% OFF),INR,In Stock,,https://www.myntra.commobile-accessories/dancing+panda/dancing-panda-solid-printed-pouch-mobile-accessories/39686271/buy,myntra.com,2026-04-22T17:01:34.892212+00:00
Desigual Pouch Mobile Accessories,Desigual,0.0,0.0,(40% OFF),INR,In Stock,,https://www.myntra.commobile-accessories/desigual/desigual-abstract-pouch-mobile-accessories/37642782/buy,myntra.com,2026-04-22T17:01:34.974010+00:00
Palay Pouch Mobile Accessories,Palay,0.0,0.0,(45% OFF),INR,In Stock,,https://www.myntra.commobile-accessories/palay/palay-solid-printed-pouch-mobile-accessories/39680381/buy,myntra.com,2026-04-22T17:01:35.056057+00:00
AUGEN Fashion Mobile Accessories,AUGEN,0.0,0.0,(65% OFF),INR,In Stock,"|
47",https://www.myntra.commobile-accessories/augen/augen-cartoon-characters-printed-fashion-mobile-accessories/39209626/buy,myntra.com,2026-04-22T17:01:35.150132+00:00
Luxury Kase Back Case Mobile Accessories,Luxury Kase,0.0,0.0,(50% OFF),INR,In Stock,,https://www.myntra.commobile-accessories/luxury+kase/luxury-kase-solid-printed-back-case-mobile-accessories/39047591/buy,myntra.com,2026-04-22T17:01:35.206632+00:00
AUGEN Fashion Mobile Accessories,AUGEN,0.0,0.0,(50% OFF),INR,In Stock,,https://www.myntra.commobile-accessories/augen/augen-solid-printed-fashion-mobile-accessories/38988350/buy,myntra.com,2026-04-22T17:01:35.252428+00:00
AUGEN Fashion Mobile Accessories,AUGEN,0.0,0.0,(50% OFF),INR,In Stock,,https://www.myntra.commobile-accessories/augen/augen-solid-printed-fashion-mobile-accessories/38988349/buy,myntra.com,2026-04-22T17:01:35.313872+00:00
AUGEN Fashion Mobile Accessories,AUGEN,0.0,0.0,(50% OFF),INR,In Stock,,https://www.myntra.commobile-accessories/augen/augen-solid-printed-fashion-mobile-accessories/38988347/buy,myntra.com,2026-04-22T17:01:35.363515+00:00
AUGEN Fashion Mobile Accessories,AUGEN,0.0,0.0,(50% OFF),INR,In Stock,,https://www.myntra.commobile-accessories/augen/augen-solid-printed-fashion-mobile-accessories/38988346/buy,myntra.com,2026-04-22T17:01:35.410689+00:00
AUGEN Fashion Mobile Accessories,AUGEN,0.0,0.0,(50% OFF),INR,In Stock,,https://www.myntra.commobile-accessories/augen/augen-solid-fashion-mobile-accessories/38988345/buy,myntra.com,2026-04-22T17:01:35.460570+00:00
AUGEN Fashion Mobile Accessories,AUGEN,0.0,0.0,(50% OFF),INR,In Stock,,https://www.myntra.commobile-accessories/augen/augen-solid-printed-fashion-mobile-accessories/38988344/buy,myntra.com,2026-04-22T17:01:35.512930+00:00
AUGEN Fashion Mobile Accessories,AUGEN,0.0,0.0,(50% OFF),INR,In Stock,,https://www.myntra.commobile-accessories/augen/augen-solid-printed-fashion-mobile-accessories/38988342/buy,myntra.com,2026-04-22T17:01:35.560501+00:00
AUGEN Fashion Mobile Accessories,AUGEN,0.0,0.0,(50% OFF),INR,In Stock,,https://www.myntra.commobile-accessories/augen/augen-solid-printed-fashion-mobile-accessories/38988341/buy,myntra.com,2026-04-22T17:01:35.607715+00:00
AUGEN Fashion Mobile Accessories,AUGEN,0.0,0.0,(71% OFF),INR,In Stock,,https://www.myntra.commobile-accessories/augen/augen-cartoon-characters-printed-fashion-mobile-accessories/38988340/buy,myntra.com,2026-04-22T17:01:35.652037+00:00
AUGEN Fashion Mobile Accessories,AUGEN,0.0,0.0,(75% OFF),INR,In Stock,,https://www.myntra.commobile-accessories/augen/augen-solid-printed-fashion-mobile-accessories/38988339/buy,myntra.com,2026-04-22T17:01:35.704252+00:00
AUGEN Fashion Mobile Accessories,AUGEN,0.0,0.0,(75% OFF),INR,In Stock,,https://www.myntra.commobile-accessories/augen/augen-solid-fashion-mobile-accessories/38988338/buy,myntra.com,2026-04-22T17:01:35.765416+00:00
AUGEN Fashion Mobile Accessories,AUGEN,0.0,0.0,(75% OFF),INR,In Stock,,https://www.myntra.commobile-accessories/augen/augen-solid-fashion-mobile-accessories/38988336/buy,myntra.com,2026-04-22T17:01:35.814177+00:00
AUGEN Fashion Mobile Accessories,AUGEN,0.0,0.0,(75% OFF),INR,In Stock,,https://www.myntra.commobile-accessories/augen/augen-solid-printed-fashion-mobile-accessories/38988335/buy,myntra.com,2026-04-22T17:01:35.863317+00:00
AUGEN Fashion Mobile Accessories,AUGEN,0.0,0.0,(50% OFF),INR,In Stock,,https://www.myntra.commobile-accessories/augen/augen-solid-printed-fashion-mobile-accessories/38988330/buy,myntra.com,2026-04-22T17:01:35.919138+00:00
AUGEN Fashion Mobile Accessories,AUGEN,0.0,0.0,(69% OFF),INR,In Stock,,https://www.myntra.commobile-accessories/augen/augen-solid-printed-fashion-mobile-accessories/38810594/buy,myntra.com,2026-04-22T17:01:35.968208+00:00
Luxury Kase Back Case Mobile Accessories,Luxury Kase,0.0,0.0,(69% OFF),INR,In Stock,,https://www.myntra.commobile-accessories/luxury+kase/luxury-kase-solid-printed-back-case-mobile-accessories/38752661/buy,myntra.com,2026-04-22T17:01:36.016960+00:00
AUGEN Fashion Mobile Accessories,AUGEN,0.0,0.0,(50% OFF),INR,In Stock,,https://www.myntra.commobile-accessories/augen/augen-solid-printed-fashion-mobile-accessories/38639699/buy,myntra.com,2026-04-22T17:01:36.073550+00:00
AUGEN Fashion Mobile Accessories,AUGEN,0.0,0.0,(67% OFF),INR,In Stock,,https://www.myntra.commobile-accessories/augen/augen-solid-printed-fashion-mobile-accessories/38638504/buy,myntra.com,2026-04-22T17:01:36.124391+00:00
AUGEN Fashion Mobile Accessories,AUGEN,0.0,0.0,(67% OFF),INR,In Stock,,https://www.myntra.commobile-accessories/augen/augen-solid-printed-fashion-mobile-accessories/38638503/buy,myntra.com,2026-04-22T17:01:36.176499+00:00
AUGEN Fashion Mobile Accessories,AUGEN,0.0,0.0,(40% OFF),INR,In Stock,,https://www.myntra.commobile-accessories/augen/augen-solid-printed-fashion-mobile-accessories/38638496/buy,myntra.com,2026-04-22T17:01:36.226077+00:00
AUGEN Fashion Mobile Accessories,AUGEN,0.0,0.0,(40% OFF),INR,In Stock,,https://www.myntra.commobile-accessories/augen/augen-solid-printed-fashion-mobile-accessories/38638495/buy,myntra.com,2026-04-22T17:01:36.285290+00:00
Luxury Kase Back Case Mobile Accessories,Luxury Kase,0.0,0.0,(38% OFF),INR,In Stock,,https://www.myntra.commobile-accessories/luxury+kase/luxury-kase-solid-printed-back-case-mobile-accessories/38627662/buy,myntra.com,2026-04-22T17:01:36.337851+00:00
Luxury Kase Back Case Mobile Accessories,Luxury Kase,0.0,0.0,(38% OFF),INR,In Stock,,https://www.myntra.commobile-accessories/luxury+kase/luxury-kase-solid-printed-back-case-mobile-accessories/38627655/buy,myntra.com,2026-04-22T17:01:36.384677+00:00
PEEPERLY Back Case Mobile Accessories,PEEPERLY,0.0,0.0,0% off,INR,In Stock,,https://www.myntra.commobile-accessories/peeperly/peeperly-abstract-printed-back-case-mobile-accessories/38298047/buy,myntra.com,2026-04-22T17:01:36.428220+00:00
PEEPERLY Back Case Mobile Accessories,PEEPERLY,0.0,0.0,0% off,INR,In Stock,,https://www.myntra.commobile-accessories/peeperly/peeperly-abstract-printed-back-case-mobile-accessories/38231178/buy,myntra.com,2026-04-22T17:01:36.470115+00:00
PEEPERLY Back Case Mobile Accessories,PEEPERLY,0.0,0.0,0% off,INR,In Stock,,https://www.myntra.commobile-accessories/peeperly/peeperly-abstract-printed-back-case-mobile-accessories/38231122/buy,myntra.com,2026-04-22T17:01:36.509338+00:00
AUGEN Mobile Accessories,AUGEN,0.0,0.0,(65% OFF),INR,In Stock,,https://www.myntra.commobile-accessories/augen/augen-mobile-accessories/40989885/buy,myntra.com,2026-04-22T17:01:44.468009+00:00
AUGEN Fashion Mobile Accessories,AUGEN,0.0,0.0,(75% OFF),INR,In Stock,,https://www.myntra.commobile-accessories/augen/augen-fashion-mobile-accessories/40066967/buy,myntra.com,2026-04-22T17:01:44.536270+00:00
Palay Back Case Mobile Accessories,Palay,0.0,0.0,(29% OFF),INR,In Stock,,https://www.myntra.commobile-accessories/palay/palay-solid-back-case-mobile-accessories/39888777/buy,myntra.com,2026-04-22T17:01:44.616364+00:00
Palay Pouch Mobile Accessories,Palay,0.0,0.0,(15% OFF),INR,In Stock,,https://www.myntra.commobile-accessories/palay/palay-solid-pouch-mobile-accessories/39783055/buy,myntra.com,2026-04-22T17:01:44.682947+00:00
Palay Pouch Mobile Accessories,Palay,0.0,0.0,(19% OFF),INR,In Stock,,https://www.myntra.commobile-accessories/palay/palay-solid-pouch-mobile-accessories/39783054/buy,myntra.com,2026-04-22T17:01:44.747847+00:00
Palay Back Case Mobile Accessories,Palay,0.0,0.0,(20% OFF),INR,In Stock,,https://www.myntra.commobile-accessories/palay/palay-solid-back-case-mobile-accessories/39783037/buy,myntra.com,2026-04-22T17:01:44.812572+00:00
Palay Bumper Case Mobile Accessories,Palay,0.0,0.0,(47% OFF),INR,In Stock,,https://www.myntra.commobile-accessories/palay/palay-solid-bumper-case-mobile-accessories/39722834/buy,myntra.com,2026-04-22T17:01:44.862811+00:00
Palay Back Case Mobile Accessories,Palay,0.0,0.0,(12% OFF),INR,In Stock,,https://www.myntra.commobile-accessories/palay/palay-solid-back-case-mobile-accessories/39722828/buy,myntra.com,2026-04-22T17:01:44.913800+00:00
Palay Pouch Mobile Accessories,Palay,0.0,0.0,(21% OFF),INR,In Stock,,https://www.myntra.commobile-accessories/palay/palay-solid-pouch-mobile-accessories/39722822/buy,myntra.com,2026-04-22T17:01:44.973525+00:00
Palay Pouch Mobile Accessories,Palay,0.0,0.0,(21% OFF),INR,In Stock,,https://www.myntra.commobile-accessories/palay/palay-solid-pouch-mobile-accessories/39722820/buy,myntra.com,2026-04-22T17:01:45.065212+00:00
Palay Back Case Mobile Accessories,Palay,0.0,0.0,(46% OFF),INR,In Stock,,https://www.myntra.commobile-accessories/palay/palay-solid-back-case-mobile-accessories/39722819/buy,myntra.com,2026-04-22T17:01:45.127594+00:00
Palay Bumper Case Mobile Accessories,Palay,0.0,0.0,(21% OFF),INR,In Stock,,https://www.myntra.commobile-accessories/palay/palay-solid-bumper-case-mobile-accessories/39704703/buy,myntra.com,2026-04-22T17:01:45.183727+00:00
Palay Pouch Mobile Accessories,Palay,0.0,0.0,(21% OFF),INR,In Stock,,https://www.myntra.commobile-accessories/palay/palay-solid-pouch-mobile-accessories/39704700/buy,myntra.com,2026-04-22T17:01:45.241544+00:00
Palay Back Case Mobile Accessories,Palay,0.0,0.0,(10% OFF),INR,In Stock,,https://www.myntra.commobile-accessories/palay/palay-solid-back-case-mobile-accessories/39704699/buy,myntra.com,2026-04-22T17:01:45.292781+00:00
Palay Pouch Mobile Accessories,Palay,0.0,0.0,(30% OFF),INR,In Stock,,https://www.myntra.commobile-accessories/palay/palay-solid-pouch-mobile-accessories/39704678/buy,myntra.com,2026-04-22T17:01:45.350271+00:00
Palay Pouch Mobile Accessories,Palay,0.0,0.0,(23% OFF),INR,In Stock,,https://www.myntra.commobile-accessories/palay/palay-solid-pouch-mobile-accessories/39704677/buy,myntra.com,2026-04-22T17:01:45.407036+00:00
Palay Back Case Mobile Accessories,Palay,0.0,0.0,(12% OFF),INR,In Stock,,https://www.myntra.commobile-accessories/palay/palay-solid-back-case-mobile-accessories/39704672/buy,myntra.com,2026-04-22T17:01:45.459385+00:00
Dancing Panda Knitted Crossbody Phone Pouch,Dancing Panda,0.0,0.0,(73% OFF),INR,In Stock,,https://www.myntra.commobile-accessories/dancing+panda/dancing-panda-solid-printed-pouch-mobile-accessories/39686275/buy,myntra.com,2026-04-22T17:01:45.514754+00:00
Dancing Panda Knitted Crossbody Phone Pouch,Dancing Panda,0.0,0.0,(73% OFF),INR,In Stock,,https://www.myntra.commobile-accessories/dancing+panda/dancing-panda-solid-printed-pouch-mobile-accessories/39686272/buy,myntra.com,2026-04-22T17:01:45.570793+00:00
Dancing Panda Knitted Crossbody Phone Pouch,Dancing Panda,0.0,0.0,(73% OFF),INR,In Stock,,https://www.myntra.commobile-accessories/dancing+panda/dancing-panda-solid-printed-pouch-mobile-accessories/39686271/buy,myntra.com,2026-04-22T17:01:45.637694+00:00
Desigual Pouch Mobile Accessories,Desigual,0.0,0.0,(40% OFF),INR,In Stock,,https://www.myntra.commobile-accessories/desigual/desigual-abstract-pouch-mobile-accessories/37642782/buy,myntra.com,2026-04-22T17:01:45.692436+00:00
Palay Pouch Mobile Accessories,Palay,0.0,0.0,(45% OFF),INR,In Stock,,https://www.myntra.commobile-accessories/palay/palay-solid-printed-pouch-mobile-accessories/39680381/buy,myntra.com,2026-04-22T17:01:45.778976+00:00
AUGEN Fashion Mobile Accessories,AUGEN,0.0,0.0,(65% OFF),INR,In Stock,"|
47",https://www.myntra.commobile-accessories/augen/augen-cartoon-characters-printed-fashion-mobile-accessories/39209626/buy,myntra.com,2026-04-22T17:01:45.834071+00:00
Luxury Kase Back Case Mobile Accessories,Luxury Kase,0.0,0.0,(50% OFF),INR,In Stock,,https://www.myntra.commobile-accessories/luxury+kase/luxury-kase-solid-printed-back-case-mobile-accessories/39047591/buy,myntra.com,2026-04-22T17:01:45.890491+00:00
AUGEN Fashion Mobile Accessories,AUGEN,0.0,0.0,(50% OFF),INR,In Stock,,https://www.myntra.commobile-accessories/augen/augen-solid-printed-fashion-mobile-accessories/38988350/buy,myntra.com,2026-04-22T17:01:45.961647+00:00
AUGEN Fashion Mobile Accessories,AUGEN,0.0,0.0,(50% OFF),INR,In Stock,,https://www.myntra.commobile-accessories/augen/augen-solid-printed-fashion-mobile-accessories/38988349/buy,myntra.com,2026-04-22T17:01:46.033587+00:00
AUGEN Fashion Mobile Accessories,AUGEN,0.0,0.0,(50% OFF),INR,In Stock,,https://www.myntra.commobile-accessories/augen/augen-solid-printed-fashion-mobile-accessories/38988347/buy,myntra.com,2026-04-22T17:01:46.132858+00:00
AUGEN Fashion Mobile Accessories,AUGEN,0.0,0.0,(50% OFF),INR,In Stock,,https://www.myntra.commobile-accessories/augen/augen-solid-printed-fashion-mobile-accessories/38988346/buy,myntra.com,2026-04-22T17:01:46.282285+00:00
AUGEN Fashion Mobile Accessories,AUGEN,0.0,0.0,(50% OFF),INR,In Stock,,https://www.myntra.commobile-accessories/augen/augen-solid-fashion-mobile-accessories/38988345/buy,myntra.com,2026-04-22T17:01:46.400200+00:00
AUGEN Fashion Mobile Accessories,AUGEN,0.0,0.0,(50% OFF),INR,In Stock,,https://www.myntra.commobile-accessories/augen/augen-solid-printed-fashion-mobile-accessories/38988344/buy,myntra.com,2026-04-22T17:01:46.538486+00:00
AUGEN Fashion Mobile Accessories,AUGEN,0.0,0.0,(50% OFF),INR,In Stock,,https://www.myntra.commobile-accessories/augen/augen-solid-printed-fashion-mobile-accessories/38988342/buy,myntra.com,2026-04-22T17:01:46.679094+00:00
AUGEN Fashion Mobile Accessories,AUGEN,0.0,0.0,(50% OFF),INR,In Stock,,https://www.myntra.commobile-accessories/augen/augen-solid-printed-fashion-mobile-accessories/38988341/buy,myntra.com,2026-04-22T17:01:46.806057+00:00
AUGEN Fashion Mobile Accessories,AUGEN,0.0,0.0,(71% OFF),INR,In Stock,,https://www.myntra.commobile-accessories/augen/augen-cartoon-characters-printed-fashion-mobile-accessories/38988340/buy,myntra.com,2026-04-22T17:01:46.945637+00:00
AUGEN Fashion Mobile Accessories,AUGEN,0.0,0.0,(75% OFF),INR,In Stock,,https://www.myntra.commobile-accessories/augen/augen-solid-printed-fashion-mobile-accessories/38988339/buy,myntra.com,2026-04-22T17:01:47.059730+00:00
AUGEN Fashion Mobile Accessories,AUGEN,0.0,0.0,(75% OFF),INR,In Stock,,https://www.myntra.commobile-accessories/augen/augen-solid-fashion-mobile-accessories/38988338/buy,myntra.com,2026-04-22T17:01:47.213769+00:00
AUGEN Fashion Mobile Accessories,AUGEN,0.0,0.0,(75% OFF),INR,In Stock,,https://www.myntra.commobile-accessories/augen/augen-solid-fashion-mobile-accessories/38988336/buy,myntra.com,2026-04-22T17:01:47.368543+00:00
AUGEN Fashion Mobile Accessories,AUGEN,0.0,0.0,(75% OFF),INR,In Stock,,https://www.myntra.commobile-accessories/augen/augen-solid-printed-fashion-mobile-accessories/38988335/buy,myntra.com,2026-04-22T17:01:47.523032+00:00
AUGEN Fashion Mobile Accessories,AUGEN,0.0,0.0,(50% OFF),INR,In Stock,,https://www.myntra.commobile-accessories/augen/augen-solid-printed-fashion-mobile-accessories/38988330/buy,myntra.com,2026-04-22T17:01:47.656161+00:00
AUGEN Fashion Mobile Accessories,AUGEN,0.0,0.0,(69% OFF),INR,In Stock,,https://www.myntra.commobile-accessories/augen/augen-solid-printed-fashion-mobile-accessories/38810594/buy,myntra.com,2026-04-22T17:01:47.762466+00:00
Luxury Kase Back Case Mobile Accessories,Luxury Kase,0.0,0.0,(69% OFF),INR,In Stock,,https://www.myntra.commobile-accessories/luxury+kase/luxury-kase-solid-printed-back-case-mobile-accessories/38752661/buy,myntra.com,2026-04-22T17:01:47.879381+00:00
AUGEN Fashion Mobile Accessories,AUGEN,0.0,0.0,(50% OFF),INR,In Stock,,https://www.myntra.commobile-accessories/augen/augen-solid-printed-fashion-mobile-accessories/38639699/buy,myntra.com,2026-04-22T17:01:48.024590+00:00
AUGEN Fashion Mobile Accessories,AUGEN,0.0,0.0,(67% OFF),INR,In Stock,,https://www.myntra.commobile-accessories/augen/augen-solid-printed-fashion-mobile-accessories/38638504/buy,myntra.com,2026-04-22T17:01:48.181519+00:00
AUGEN Fashion Mobile Accessories,AUGEN,0.0,0.0,(67% OFF),INR,In Stock,,https://www.myntra.commobile-accessories/augen/augen-solid-printed-fashion-mobile-accessories/38638503/buy,myntra.com,2026-04-22T17:01:48.324842+00:00
AUGEN Fashion Mobile Accessories,AUGEN,0.0,0.0,(40% OFF),INR,In Stock,,https://www.myntra.commobile-accessories/augen/augen-solid-printed-fashion-mobile-accessories/38638496/buy,myntra.com,2026-04-22T17:01:48.471234+00:00
AUGEN Fashion Mobile Accessories,AUGEN,0.0,0.0,(40% OFF),INR,In Stock,,https://www.myntra.commobile-accessories/augen/augen-solid-printed-fashion-mobile-accessories/38638495/buy,myntra.com,2026-04-22T17:01:48.593945+00:00
Luxury Kase Back Case Mobile Accessories,Luxury Kase,0.0,0.0,(38% OFF),INR,In Stock,,https://www.myntra.commobile-accessories/luxury+kase/luxury-kase-solid-printed-back-case-mobile-accessories/38627662/buy,myntra.com,2026-04-22T17:01:48.744373+00:00
Luxury Kase Back Case Mobile Accessories,Luxury Kase,0.0,0.0,(38% OFF),INR,In Stock,,https://www.myntra.commobile-accessories/luxury+kase/luxury-kase-solid-printed-back-case-mobile-accessories/38627655/buy,myntra.com,2026-04-22T17:01:48.867352+00:00
PEEPERLY Back Case Mobile Accessories,PEEPERLY,0.0,0.0,0% off,INR,In Stock,,https://www.myntra.commobile-accessories/peeperly/peeperly-abstract-printed-back-case-mobile-accessories/38298047/buy,myntra.com,2026-04-22T17:01:48.989602+00:00
PEEPERLY Back Case Mobile Accessories,PEEPERLY,0.0,0.0,0% off,INR,In Stock,,https://www.myntra.commobile-accessories/peeperly/peeperly-abstract-printed-back-case-mobile-accessories/38231178/buy,myntra.com,2026-04-22T17:01:49.126789+00:00
PEEPERLY Back Case Mobile Accessories,PEEPERLY,0.0,0.0,0% off,INR,In Stock,,https://www.myntra.commobile-accessories/peeperly/peeperly-abstract-printed-back-case-mobile-accessories/38231122/buy,myntra.com,2026-04-22T17:01:49.267103+00:00
